instruction,input,output,score
请续写《暗河噬城》第21章，要求情节紧张，有冲突和悬念。,,"第21章
陈雪站在老仓库门口，看着远处的灯光闪烁。她拿出手机，按下紧急呼叫键。很快，一辆救护车从对面驶来，医护人员匆匆跑下车，围拢到陈雪身边。
""陈小姐，请您保持冷静，我们已经通知了警方和环保部门，现在正在处理此事。""
陈雪没有说话，只是静静地站在原地，目光坚定地看着前方。她深吸了一口气，然后转身向着那个方向走去，步履稳健，仿佛脚下踏着坚实的大地。
陈雪来到了那扇大门前，伸手推开了它。一股刺鼻的气味迎面而来，让她不禁打了个冷战。她深呼吸了几口，试图让自己平静下来。
突然，陈雪看到了一道微弱的光线，像是有人在黑暗中摸索着前进。她加快了步伐，一步步接近光源。
就在陈雪即将接近光源的时候，她听到了一声惊慌失措的呼救声，紧接着是一阵混乱的脚步声。
陈雪快速闪身躲开，只见一名工人正跌跌撞撞地跑过来，脸色苍白，看起来十分恐慌。
""快报警！快报警！""
陈雪急忙拨打紧急救援电话，并立即联系警方和环保部门。
""警察和环保部门已经在现场了，我会提供所有必要的信息。""
为什么数学书总是竖直放？",14.488315658569334
